model,acc_0.0001,acc_0.005,acc_0.01,avg_acc,params_M,latency_ms
EfficientNetB0,58.8+-7.4,60.0+-5.2,60.4+-2.9,59.7,4.05,132.6
ConvNeXtTiny*,54.2+-4.4,57.1+-7.5,62.1+-5.2,57.8,27.82,429.9
EfficientNetV2B0*,55.8+-8.3,58.3+-8.7,58.3+-5.7,57.5,5.92,109.9
ResNet50,52.5+-6.4,52.9+-8.9,54.6+-4.2,53.3,23.59,197.0
MobileNetV3Small*,49.6+-2.8,55.0+-6.8,52.5+-3.3,52.4,0.94,29.4
MobileNetV3Large*,52.5+-6.1,52.9+-6.1,51.3+-4.7,52.2,3.0,59.7
VGG16,52.1+-7.7,51.7+-6.9,52.1+-3.7,51.9,14.71,385.0
DenseNet121,49.2+-2.8,53.3+-3.9,52.5+-6.1,51.7,7.04,256.1
NASNetMobile*,48.8+-1.7,50.4+-4.8,52.5+-5.2,50.6,4.27,120.6
InceptionV3,47.5+-4.4,52.5+-4.0,49.6+-3.3,49.9,21.8,154.1
Xception,49.2+-2.1,51.3+-5.7,47.5+-2.4,49.3,20.86,216.0
MobileNetV2,47.9+-5.4,49.2+-2.8,50.0+-5.6,49.0,2.26,59.2
MobileNetV1,47.1+-3.1,48.3+-2.4,50.4+-3.3,48.6,3.23,128.0
