model,new,cond,seed,acc,f1_macro
MobileNetV1,False,0.0001,0,0.5,0.4535
MobileNetV1,False,0.0001,1,0.4792,0.4503
MobileNetV1,False,0.0001,2,0.4583,0.4574
MobileNetV1,False,0.0001,3,0.4167,0.4126
MobileNetV1,False,0.0001,4,0.5,0.367
MobileNetV1,False,0.005,0,0.5,0.4535
MobileNetV1,False,0.005,1,0.4375,0.4063
MobileNetV1,False,0.005,2,0.5,0.3333
MobileNetV1,False,0.005,3,0.5,0.4921
MobileNetV1,False,0.005,4,0.4792,0.3559
MobileNetV1,False,0.01,0,0.5,0.3333
MobileNetV1,False,0.01,1,0.5417,0.4667
MobileNetV1,False,0.01,2,0.4792,0.4789
MobileNetV1,False,0.01,3,0.4583,0.4497
MobileNetV1,False,0.01,4,0.5417,0.5409
MobileNetV2,False,0.0001,0,0.5208,0.5104
MobileNetV2,False,0.0001,1,0.3958,0.3623
MobileNetV2,False,0.0001,2,0.5,0.4375
MobileNetV2,False,0.0001,3,0.4375,0.3766
MobileNetV2,False,0.0001,4,0.5417,0.4991
MobileNetV2,False,0.005,0,0.5,0.3333
MobileNetV2,False,0.005,1,0.4583,0.4545
MobileNetV2,False,0.005,2,0.5208,0.378
MobileNetV2,False,0.005,3,0.5208,0.5034
MobileNetV2,False,0.005,4,0.4583,0.4574
MobileNetV2,False,0.01,0,0.4792,0.4045
MobileNetV2,False,0.01,1,0.5,0.3333
MobileNetV2,False,0.01,2,0.4375,0.4313
MobileNetV2,False,0.01,3,0.4792,0.4771
MobileNetV2,False,0.01,4,0.6042,0.5474
VGG16,False,0.0001,0,0.4583,0.4222
VGG16,False,0.0001,1,0.4583,0.4429
VGG16,False,0.0001,2,0.5208,0.5034
VGG16,False,0.0001,3,0.5,0.3333
VGG16,False,0.0001,4,0.6667,0.6444
VGG16,False,0.005,0,0.5417,0.4667
VGG16,False,0.005,1,0.4583,0.4545
VGG16,False,0.005,2,0.6042,0.5306
VGG16,False,0.005,3,0.5625,0.5279
VGG16,False,0.005,4,0.4167,0.3778
VGG16,False,0.01,0,0.5833,0.4958
VGG16,False,0.01,1,0.4792,0.4789
VGG16,False,0.01,2,0.5417,0.5409
VGG16,False,0.01,3,0.5,0.3333
VGG16,False,0.01,4,0.5,0.4535
ResNet50,False,0.0001,0,0.5208,0.4074
ResNet50,False,0.0001,1,0.4583,0.4545
ResNet50,False,0.0001,2,0.6458,0.6381
ResNet50,False,0.0001,3,0.5,0.3333
ResNet50,False,0.0001,4,0.5,0.3333
ResNet50,False,0.005,0,0.5,0.3333
ResNet50,False,0.005,1,0.4167,0.4157
ResNet50,False,0.005,2,0.5,0.395
ResNet50,False,0.005,3,0.5417,0.4844
ResNet50,False,0.005,4,0.6875,0.6874
ResNet50,False,0.01,0,0.5417,0.4198
ResNet50,False,0.01,1,0.5,0.3333
ResNet50,False,0.01,2,0.6042,0.5956
ResNet50,False,0.01,3,0.5,0.3333
ResNet50,False,0.01,4,0.5833,0.5767
DenseNet121,False,0.0001,0,0.5,0.3333
DenseNet121,False,0.0001,1,0.5208,0.5104
DenseNet121,False,0.0001,2,0.5,0.4773
DenseNet121,False,0.0001,3,0.5,0.4535
DenseNet121,False,0.0001,4,0.4375,0.4373
DenseNet121,False,0.005,0,0.6042,0.5728
DenseNet121,False,0.005,1,0.5,0.4667
DenseNet121,False,0.005,2,0.5208,0.519
DenseNet121,False,0.005,3,0.5417,0.5385
DenseNet121,False,0.005,4,0.5,0.4773
DenseNet121,False,0.01,0,0.5,0.395
DenseNet121,False,0.01,1,0.4792,0.4503
DenseNet121,False,0.01,2,0.5,0.4375
DenseNet121,False,0.01,3,0.5,0.4991
DenseNet121,False,0.01,4,0.6458,0.6329
InceptionV3,False,0.0001,0,0.5,0.3333
InceptionV3,False,0.0001,1,0.4583,0.4583
InceptionV3,False,0.0001,2,0.5208,0.4829
InceptionV3,False,0.0001,3,0.3958,0.3892
InceptionV3,False,0.0001,4,0.5,0.3333
InceptionV3,False,0.005,0,0.5,0.3333
InceptionV3,False,0.005,1,0.5,0.4921
InceptionV3,False,0.005,2,0.5208,0.4318
InceptionV3,False,0.005,3,0.6042,0.5897
InceptionV3,False,0.005,4,0.5,0.3333
InceptionV3,False,0.01,0,0.5417,0.5409
InceptionV3,False,0.01,1,0.5,0.3333
InceptionV3,False,0.01,2,0.4375,0.393
InceptionV3,False,0.01,3,0.5,0.4773
InceptionV3,False,0.01,4,0.5,0.4921
Xception,False,0.0001,0,0.5,0.3333
Xception,False,0.0001,1,0.4792,0.4771
Xception,False,0.0001,2,0.4583,0.4497
Xception,False,0.0001,3,0.5,0.395
Xception,False,0.0001,4,0.5208,0.4318
Xception,False,0.005,0,0.6042,0.5822
Xception,False,0.005,1,0.4375,0.4373
Xception,False,0.005,2,0.5417,0.4667
Xception,False,0.005,3,0.4792,0.4602
Xception,False,0.005,4,0.5,0.3333
Xception,False,0.01,0,0.4792,0.4045
Xception,False,0.01,1,0.5,0.4965
Xception,False,0.01,2,0.4375,0.393
Xception,False,0.01,3,0.5,0.4667
Xception,False,0.01,4,0.4583,0.4429
EfficientNetB0,False,0.0001,0,0.6458,0.6262
EfficientNetB0,False,0.0001,1,0.4792,0.4771
EfficientNetB0,False,0.0001,2,0.6667,0.6444
EfficientNetB0,False,0.0001,3,0.5208,0.5104
EfficientNetB0,False,0.0001,4,0.625,0.625
EfficientNetB0,False,0.005,0,0.5417,0.5409
EfficientNetB0,False,0.005,1,0.6667,0.6515
EfficientNetB0,False,0.005,2,0.6042,0.5998
EfficientNetB0,False,0.005,3,0.6458,0.6329
EfficientNetB0,False,0.005,4,0.5417,0.4454
EfficientNetB0,False,0.01,0,0.6458,0.6262
EfficientNetB0,False,0.01,1,0.6042,0.604
EfficientNetB0,False,0.01,2,0.5625,0.553
EfficientNetB0,False,0.01,3,0.625,0.6
EfficientNetB0,False,0.01,4,0.5833,0.5833
MobileNetV3Small,True,0.0001,0,0.5,0.3333
MobileNetV3Small,True,0.0001,1,0.5417,0.4991
MobileNetV3Small,True,0.0001,2,0.4583,0.3445
MobileNetV3Small,True,0.0001,3,0.4792,0.3824
MobileNetV3Small,True,0.0001,4,0.5,0.3333
MobileNetV3Small,True,0.005,0,0.6042,0.6026
MobileNetV3Small,True,0.005,1,0.5417,0.4198
MobileNetV3Small,True,0.005,2,0.6458,0.6419
MobileNetV3Small,True,0.005,3,0.4583,0.3906
MobileNetV3Small,True,0.005,4,0.5,0.3333
MobileNetV3Small,True,0.01,0,0.5833,0.5152
MobileNetV3Small,True,0.01,1,0.5208,0.4318
MobileNetV3Small,True,0.01,2,0.4792,0.4503
MobileNetV3Small,True,0.01,3,0.5208,0.469
MobileNetV3Small,True,0.01,4,0.5208,0.519
MobileNetV3Large,True,0.0001,0,0.5,0.3333
MobileNetV3Large,True,0.0001,1,0.6042,0.5956
MobileNetV3Large,True,0.0001,2,0.5833,0.5826
MobileNetV3Large,True,0.0001,3,0.4375,0.4313
MobileNetV3Large,True,0.0001,4,0.5,0.3333
MobileNetV3Large,True,0.005,0,0.5208,0.378
MobileNetV3Large,True,0.005,1,0.4167,0.3778
MobileNetV3Large,True,0.005,2,0.5833,0.5644
MobileNetV3Large,True,0.005,3,0.5417,0.5409
MobileNetV3Large,True,0.005,4,0.5833,0.5826
MobileNetV3Large,True,0.01,0,0.6042,0.5728
MobileNetV3Large,True,0.01,1,0.4792,0.4228
MobileNetV3Large,True,0.01,2,0.4792,0.4771
MobileNetV3Large,True,0.01,3,0.5,0.4773
MobileNetV3Large,True,0.01,4,0.5,0.3333
EfficientNetV2B0,True,0.0001,0,0.7083,0.7078
EfficientNetV2B0,True,0.0001,1,0.5833,0.5826
EfficientNetV2B0,True,0.0001,2,0.5208,0.469
EfficientNetV2B0,True,0.0001,3,0.4792,0.4735
EfficientNetV2B0,True,0.0001,4,0.5,0.3333
EfficientNetV2B0,True,0.005,0,0.6667,0.6614
EfficientNetV2B0,True,0.005,1,0.4583,0.4583
EfficientNetV2B0,True,0.005,2,0.625,0.619
EfficientNetV2B0,True,0.005,3,0.6667,0.6661
EfficientNetV2B0,True,0.005,4,0.5,0.395
EfficientNetV2B0,True,0.01,0,0.6667,0.6357
EfficientNetV2B0,True,0.01,1,0.5,0.3333
EfficientNetV2B0,True,0.01,2,0.6042,0.5822
EfficientNetV2B0,True,0.01,3,0.5417,0.4844
EfficientNetV2B0,True,0.01,4,0.6042,0.5956
ConvNeXtTiny,True,0.0001,0,0.5,0.4921
ConvNeXtTiny,True,0.0001,1,0.5417,0.5409
ConvNeXtTiny,True,0.0001,2,0.625,0.608
ConvNeXtTiny,True,0.0001,3,0.5208,0.5206
ConvNeXtTiny,True,0.0001,4,0.5208,0.4318
ConvNeXtTiny,True,0.005,0,0.6667,0.6515
ConvNeXtTiny,True,0.005,1,0.4792,0.4379
ConvNeXtTiny,True,0.005,2,0.5,0.4921
ConvNeXtTiny,True,0.005,3,0.5625,0.5608
ConvNeXtTiny,True,0.005,4,0.6458,0.6457
ConvNeXtTiny,True,0.01,0,0.6042,0.5822
ConvNeXtTiny,True,0.01,1,0.5833,0.4958
ConvNeXtTiny,True,0.01,2,0.5625,0.5623
ConvNeXtTiny,True,0.01,3,0.6458,0.6381
ConvNeXtTiny,True,0.01,4,0.7083,0.6812
NASNetMobile,True,0.0001,0,0.5,0.367
NASNetMobile,True,0.0001,1,0.4583,0.3445
NASNetMobile,True,0.0001,2,0.4792,0.4045
NASNetMobile,True,0.0001,3,0.5,0.395
NASNetMobile,True,0.0001,4,0.5,0.3333
NASNetMobile,True,0.005,0,0.5,0.3333
NASNetMobile,True,0.005,1,0.4167,0.4126
NASNetMobile,True,0.005,2,0.5625,0.4589
NASNetMobile,True,0.005,3,0.5208,0.5104
NASNetMobile,True,0.005,4,0.5208,0.378
NASNetMobile,True,0.01,0,0.5208,0.4074
NASNetMobile,True,0.01,1,0.5,0.3333
NASNetMobile,True,0.01,2,0.625,0.6224
NASNetMobile,True,0.01,3,0.4792,0.4602
NASNetMobile,True,0.01,4,0.5,0.3333
