recording,n_windows,recon_b_mean,recon_c_mean,corr_lag_b_mean,corr_lag_c_mean,sum_rms/a_mean,h3/h1_mean,rms_b/a_mean,rms_c/a_mean,period_ms_mean,recon_b_std,recon_c_std,corr_lag_b_std,corr_lag_c_std,sum_rms/a_std,h3/h1_std,rms_b/a_std,rms_c/a_std,period_ms_std
no_delay/NO_DELAY,12,0.056,0.0526,0.9984,0.9986,0.0,0.0048,1.0007,0.9995,7.2515,0.0016,0.0019,0.0001,0.0001,0.0,0.0008,0.0021,0.0024,0.0011
0.0001/0.0001_delay_A,12,0.1733,0.2634,0.9853,0.9649,0.0,0.0412,1.0474,1.0588,7.2507,0.0052,0.0064,0.0009,0.0018,0.0,0.0018,0.0054,0.0052,0.0011
0.0001/0.0001_delay_B,12,0.2733,0.2569,0.9661,0.9674,0.0,0.0727,0.9465,0.9877,7.2506,0.0077,0.0065,0.0018,0.0016,0.0,0.0022,0.0043,0.0047,0.0009
0.0001/0.0001_delay_C,12,0.2614,0.1829,0.9654,0.985,0.0,0.0382,1.0152,0.956,7.2501,0.0059,0.0049,0.0016,0.0008,0.0,0.0026,0.0042,0.0052,0.0011
0.005/0.005_delay_A,12,0.506,0.7641,0.8866,0.6518,0.0,0.3245,1.4183,1.4702,7.1987,0.0053,0.0091,0.0032,0.0079,0.0,0.0005,0.0112,0.0123,0.0008
0.005/0.005_delay_B,12,1.1202,0.8031,0.653,0.6899,0.0,0.4492,0.6804,0.9633,7.1981,0.0237,0.0109,0.0099,0.0059,0.0,0.001,0.0057,0.0048,0.0009
0.005/0.005_delay_C,12,0.7729,0.7168,0.69,0.8855,0.0,0.2312,1.0372,0.7063,7.1981,0.0113,0.0114,0.0087,0.0026,0.0,0.0007,0.0066,0.0061,0.0016
0.01/0.01_dealy_C,12,1.1428,7.2009,0.3301,0.3833,0.0,0.3694,1.0365,0.133,7.9097,0.0128,0.1225,0.0147,0.0249,0.0,0.0003,0.0007,0.0008,0.0063
0.01/0.01_delay_A,12,0.9604,0.9878,0.3932,0.1501,0.0,1.4248,7.5463,7.8207,7.9114,0.0141,0.0191,0.0287,0.0154,0.0,0.002,0.0615,0.0621,0.0009
0.01/0.01_delay_B,12,7.7215,1.1762,0.1494,0.3337,0.0,0.4258,0.128,0.9647,7.9012,0.1833,0.0151,0.0128,0.0066,0.0,0.0001,0.0014,0.0018,0.0141

level_mean,n_files,recon_b,recon_c,corr_lag_b,corr_lag_c,sum_rms/a,h3/h1,rms_b/a,rms_c/a,period_ms
no_delay,1,0.056,0.0526,0.9984,0.9986,0.0,0.0048,1.0007,0.9995,7.2515
0.0001,3,0.236,0.2344,0.9723,0.9724,0.0,0.0507,1.003,1.0008,7.2505
0.005,3,0.7997,0.7614,0.7432,0.7424,0.0,0.335,1.0453,1.0466,7.1983
0.01,3,3.2749,3.1216,0.2909,0.289,0.0,0.74,2.9036,2.9728,7.9074
