condition,model,test_accuracy,test_loss,precision_no_delay,recall_no_delay,precision_fault,recall_fault,params,training_time_sec,inference_time_sec
0.0001,MobileNetV1,0.7292,0.6334,0.7619,0.6667,0.7037,0.7917,4280514,94.21,0.0697
0.0001,MobileNetV2,0.6042,0.6782,0.5758,0.7917,0.6667,0.4167,3571778,86.95,0.116209
0.0001,VGG16,0.6042,0.669,0.561,0.9583,0.8571,0.25,15242050,801.0,0.22402
0.0001,ResNet50,0.5,1.1817,0.0,0.0,0.5,1.0,25687938,310.43,0.231003
0.0001,DenseNet121,0.6667,0.6244,0.6429,0.75,0.7,0.5833,8089154,241.65,0.370942
0.0001,InceptionV3,0.6458,0.6417,0.6667,0.5833,0.6296,0.7083,23903010,207.21,0.251967
0.0001,Xception,0.6042,0.6798,0.5714,0.8333,0.6923,0.375,22961706,308.02,0.363977
0.0001,EfficientNetB0,0.5,1.1604,0.0,0.0,0.5,1.0,5363365,81.24,0.21453
0.005,MobileNetV1,0.7917,0.5706,0.7333,0.9167,0.8889,0.6667,4280514,86.62,0.063942
0.005,MobileNetV2,0.5417,0.7243,0.5294,0.75,0.5714,0.3333,3571778,40.59,0.1257
0.005,VGG16,0.5,0.6936,0.0,0.0,0.5,1.0,15242050,304.52,0.224174
0.005,ResNet50,0.5,0.7284,0.5,1.0,0.0,0.0,25687938,130.71,0.195531
0.005,DenseNet121,0.625,0.6514,0.6875,0.4583,0.5938,0.7917,8089154,193.28,0.363838
0.005,InceptionV3,0.6875,0.6305,0.7143,0.625,0.6667,0.75,23903010,272.15,0.257401
0.005,Xception,0.6667,0.6174,0.6429,0.75,0.7,0.5833,22961706,336.21,0.158864
0.005,EfficientNetB0,0.5,0.8414,0.0,0.0,0.5,1.0,5363365,70.22,0.223679
0.01,MobileNetV1,0.7083,0.5572,0.6667,0.8333,0.7778,0.5833,4280514,58.15,0.062713
0.01,MobileNetV2,0.6458,0.6931,0.5897,0.9583,0.8889,0.3333,3571778,62.7,0.096977
0.01,VGG16,0.6875,0.6667,0.6452,0.8333,0.7647,0.5417,15242050,802.91,0.221407
0.01,ResNet50,0.7083,0.6737,0.6562,0.875,0.8125,0.5417,25687938,157.23,0.196312
0.01,DenseNet121,0.5625,0.6769,0.6154,0.3333,0.5429,0.7917,8089154,250.36,0.317669
0.01,InceptionV3,0.6667,0.6514,0.7857,0.4583,0.6176,0.875,23903010,107.82,0.189301
0.01,Xception,0.6875,0.6333,0.6364,0.875,0.8,0.5,22961706,141.54,0.213057
0.01,EfficientNetB0,0.5,0.9727,0.0,0.0,0.5,1.0,5363365,92.75,0.199111
