time_ms,stage2_frac,ib_err,ic_err
0.0,0.0,nan,nan
10.0,0.0,nan,nan
20.0,0.0,nan,nan
30.0,0.0,nan,nan
40.0,0.0,nan,nan
50.0,0.08,0.111,0.011
60.0,1.0,0.258,0.411
70.0,1.0,0.065,0.086
80.0,1.0,0.06,0.062
90.0,1.0,0.064,0.052
100.0,1.0,0.062,0.053
110.0,1.0,0.064,0.05
120.0,1.0,0.07,0.055
130.0,1.0,0.066,0.062
140.0,1.0,0.062,0.053
150.0,1.0,0.069,0.053
160.0,1.0,0.066,0.054
170.0,1.0,0.067,0.046
180.0,1.0,0.063,0.067
190.0,1.0,0.06,0.049
200.0,1.0,0.066,0.05
210.0,1.0,0.065,0.058
220.0,1.0,0.063,0.044
230.0,1.0,0.064,0.063
240.0,1.0,0.071,0.052
250.0,1.0,0.068,0.048
260.0,1.0,0.064,0.064
270.0,1.0,0.062,0.043
280.0,1.0,0.063,0.062
290.0,1.0,0.069,0.055
