time_ms,freq_hz,ib_err,ic_err
0.0,100.0,0.264,0.86
1.0,92.8,0.29,2.065
2.0,84.7,0.171,2.581
3.0,77.4,0.892,2.537
4.0,70.6,2.21,2.126
5.0,64.1,3.756,1.476
6.0,58.1,4.117,0.468
7.0,53.8,4.876,0.782
8.0,50.2,7.166,3.034
9.0,47.2,9.768,4.78
10.0,44.2,10.935,5.808
11.0,41.3,11.735,6.599
12.0,38.8,12.319,6.4
13.0,35.9,11.846,4.505
14.0,32.1,11.125,3.48
15.0,28.2,8.325,1.612
16.0,24.7,6.85,0.988
17.0,21.7,4.951,0.89
18.0,20.0,4.924,2.048
19.0,20.0,5.219,2.258
20.0,20.0,6.131,2.574
21.0,20.0,6.656,2.034
22.0,20.0,5.906,1.1
23.0,20.0,4.779,0.424
24.0,20.0,3.494,0.308
25.0,20.0,2.323,0.359
26.0,20.0,2.088,0.174
27.0,20.0,2.165,0.371
28.0,20.0,2.324,0.415
29.0,20.0,2.396,0.285
